{
  "_generated_by": "src/estimation/estimate.py",
  "_generated_at": "2026-06-24T11:58:14+00:00",
  "_source": "UKHLS (Understanding Society), EUL, waves 1-11; GOR geography",
  "name": "utility",
  "spec": "WLS, region+wave FE, cluster(pidp)",
  "outcome": "wellbeing_ghq (= 36 - GHQ-12 Likert; higher = better)",
  "waves": "1-11",
  "variables": [
    "log_income",
    "health_index",
    "age10",
    "age10_sq",
    "region",
    "wave",
    "education",
    "sex"
  ],
  "n_obs": 389938,
  "n_persons": 74305,
  "weight": "weight_xsec",
  "coefficients": {
    "const": 19.846603320879144,
    "log_income": 0.15597467045165483,
    "health_index": 11.840934091764353,
    "age10": -1.0396170655902268,
    "age10_sq": 0.14825869811121598,
    "region_East of England": 0.01990630022518066,
    "region_London": -0.09954397141495999,
    "region_North East": -0.09160336100696348,
    "region_North West": -0.09381519579548481,
    "region_Northern Ireland": 0.4249482042259748,
    "region_Scotland": 0.13525638091065173,
    "region_South East": -0.051527256432679205,
    "region_South West": -0.033742934746020775,
    "region_Wales": -0.17059916734441904,
    "region_West Midlands": -0.14999552339191563,
    "region_Yorkshire and the Humber": -0.03367540217660655,
    "wave_2": -0.11913635549525041,
    "wave_3": -0.11620666383512794,
    "wave_4": -0.08453933316503445,
    "wave_5": -0.26759620543369866,
    "wave_6": -0.02657079244665443,
    "wave_7": -0.12754606162523083,
    "wave_8": -0.37564098762510956,
    "wave_9": -0.6176694176656767,
    "wave_10": -0.642201061484189,
    "wave_11": -1.0020818154411626,
    "education_degree": 0.10085155593701713,
    "education_gcse": -0.011281958937706772,
    "education_no_qual": -0.3377819599708571,
    "education_other_higher": 0.015942595015014265,
    "education_other_qual": -0.1274059888312393,
    "sex_2.0": -1.0189287754468783
  },
  "std_errors": {
    "const": 0.1752016820619652,
    "log_income": 0.013692017087329734,
    "health_index": 0.2142925119250705,
    "age10": 0.05217208606567445,
    "age10_sq": 0.0051984754430908905,
    "region_East of England": 0.08823800781665761,
    "region_London": 0.09087053490623861,
    "region_North East": 0.11361886812504218,
    "region_North West": 0.08780930178425199,
    "region_Northern Ireland": 0.0938915009110316,
    "region_Scotland": 0.08858527650259727,
    "region_South East": 0.08122590716112167,
    "region_South West": 0.09087014519334788,
    "region_Wales": 0.09383356121490523,
    "region_West Midlands": 0.09218636961273267,
    "region_Yorkshire and the Humber": 0.09263159925078135,
    "wave_2": 0.03362974694956466,
    "wave_3": 0.035588473304336905,
    "wave_4": 0.037474994184360746,
    "wave_5": 0.03901636502067525,
    "wave_6": 0.03902974847639675,
    "wave_7": 0.04045734218672905,
    "wave_8": 0.042182728407094514,
    "wave_9": 0.04500271264496293,
    "wave_10": 0.046293369796939265,
    "wave_11": 0.04855039040613043,
    "education_degree": 0.053822249774245316,
    "education_gcse": 0.05680994713444852,
    "education_no_qual": 0.07450329750582409,
    "education_other_higher": 0.06787005752456972,
    "education_other_qual": 0.08131737377811349,
    "sex_2.0": 0.03843391645549396
  },
  "diagnostics": {
    "beta_y": 0.15597467045165483,
    "beta_y_individual_FE": 0.12476252276651881,
    "rsquared": 0.07182424015464361
  },
  "notes": [
    "beta_y is the marginal utility of log-income; sets the EV/WEVM money scale.",
    "beta_y (pooled) = 0.156; beta_y (individual FE) = 0.125."
  ],
  "caveats": [
    "Anchor is GHQ-12 (distress, reverse-scored), not life satisfaction (sclfsato absent).",
    "Health = PHYSICAL (PCS) only; employment excluded as an income mediator (de-overlapped spec).",
    "Cross-sectional beta_y mixes between-person differences; FE variant is the within-person check.",
    "Survey SEs approximate: individual weights + person clustering, no PSU/strata."
  ]
}